{"personaReturn":{"datosGenerales":{"domicilioFiscal":{"codPostal":"1416","descripcionProvincia":"CIUDAD AUTONOMA BUENOS AIRES","direccion":"BOYACA AV. 1500","idProvincia":0,"tipoDomicilio":"FISCAL"},"estadoClave":"ACTIVO","fechaContratoSocial":"2014-02-19T12:00:00-03:00","idPersona":30202020204,"mesCierre":10,"razonSocial":"RH PAYROLL","tipoClave":"CUIT","tipoPersona":"JURIDICA"},"datosRegimenGeneral":{"actividad":{"descripcionActividad":"ALQUILER DE EQUIPO DE TRANSPORTE PARA V\u00cdA ACU\u00c1TICA, SIN OPERARIOS NI TRIPULACI\u00d3N","idActividad":771210,"nomenclador":883,"orden":1,"periodo":201311},"impuesto":[{"descripcionImpuesto":"GANANCIAS SOCIEDADES","idImpuesto":10,"periodo":201401},{"descripcionImpuesto":"GANANCIA MINIMA PRESUNTA","idImpuesto":25,"periodo":201309},{"descripcionImpuesto":"IVA","idImpuesto":30,"periodo":201104}]},"errorMonotributo":{"error":["La sociedad no posee la cantidad de integrantes requerida","No consta en nuestros registros que Ud. ha cumplido con la Recategorizaci\u00f3n o confirmaci\u00f3n de datos, seg\u00fan lo normado por la R.G. 4104-E, hasta tanto no normalice su situaci\u00f3n no podr\u00e1 visualizar su constancia."],"mensaje":"No cumple con las condiciones para enviar datos monotributo"},"metadata":{"fechaHora":"2018-03-05T17:06:07.120-03:00","servidor":"awshomo.afip.gov.ar"}}}