{"FECAESolicitarResult":{"FeCabResp":{"Cuit":20371763644,"PtoVta":1,"CbteTipo":11,"FchProceso":"20180305082937","CantReg":1,"Resultado":"R","Reproceso":"N"},"FeDetResp":{"FECAEDetResponse":{"Concepto":2,"DocTipo":80,"DocNro":20177307352,"CbteDesde":1,"CbteHasta":1,"CbteFch":"20180305","Resultado":"R","CAE":"","CAEFchVto":""}},"Errors":{"Err":{"Code":10016,"Msg":"El n\u00c3\u00bamero o fecha del comprobante no se corresponde con el pr\u00c3\u00b3ximo a autorizar. Consultar metodo FECompUltimoAutorizado."}}}}